"","local_site","location","depth","year","date","TN","TDN","PN","DON","IN","TP","TDP","PP","DOP","IP"
"1","GL3","LAKE",0,1998,1998-07-22,12.95,9.495,3.46,1.061,8.435,0.23,0.126,0.1,0.126,NA
"2","GL4","LAKE",0,1998,1998-07-24,11.57,10.616,0.96,2.007,8.609,0.33,0.32,0.01,0.32,NA
"3","GL1","LAKE",0,1998,1998-07-29,9.47,9.688,NA,0.985,8.703,0.27,0.252,0.02,0.252,NA
"4","GL3","LAKE",0,1998,1998-07-29,12.61,10.945,1.66,3.819,7.126,0.23,0.229,NA,0.229,NA
"5","GL3","OUTLET",0,1998,1998-07-29,14.42,12.244,2.18,2.62,9.624,0.45,0.149,0.3,0.149,NA
"6","GL3","LAKE",0,1998,1998-08-05,10.3,10.081,0.22,3.114,6.967,0.26,0.165,0.09,0.165,NA
"7","GL4","LAKE",0,1998,1998-08-05,10,8.089,1.91,1.412,6.677,0.32,0.19,0.13,0.19,NA
"8","GL3","LAKE",0,1998,1998-08-10,8.48,7.596,0.89,1.782,5.814,0.22,0.213,NA,0.213,NA
"9","GL4","LAKE",0,1998,1998-08-10,10.94,7.746,3.19,0.938,6.808,0.47,0.107,0.37,0.107,NA
"10","GL3","LAKE",0,1998,1998-08-20,8.76,5.833,2.93,0.463,5.37,0.21,0.061,0.15,0.061,NA
"11","GL4","LAKE",0,1998,1998-08-20,8.71,7.882,0.83,2.616,5.266,0.28,0.029,0.26,0.029,NA
"12","GL3","LAKE",0,1998,1998-09-02,6.55,5.126,1.43,2.454,2.672,0.1,0.039,0.06,0.039,NA
"13","GL4","LAKE",0,1998,1998-09-02,9.15,6.69,2.46,1.17,5.519,0.3,0.1,0.2,0.1,NA
"14","GL3","LAKE",0,1998,1998-09-16,7.05,5.812,1.24,2.391,3.421,0.04,0.029,0.01,0.029,NA
"15","GL4","LAKE",0,1998,1998-09-16,7.97,6.747,1.22,1.432,5.314,0.41,0.11,0.3,0.11,NA
"16","GL3","LAKE",0,1998,1998-09-18,7.02,6.326,0.69,2.682,3.643,0.3,0.194,0.11,0.194,NA
"17","GL4","LAKE",0,1999,1999-01-27,24.84,24.395,0.44,6.013,18.382,0.31,0.303,NA,0.194,NA
"18","GL4","OUTLET",0,1999,1999-05-26,21.22,20.076,1.14,0.115,19.961,0.21,0.149,0.06,0.149,NA
"19","GL4","OUTLET",0,1999,1999-06-17,38.1,35.961,2.14,1.358,34.604,0.22,0.236,NA,0.236,NA
"20","GL4","OUTLET",0,1999,1999-06-30,21.51,23.653,NA,4.251,19.402,0.28,0.229,0.05,0.229,NA
"21","GL4","LAKE",0,1999,1999-07-20,15.39,14.579,0.81,2.112,12.467,0.12,0.116,0.01,0.116,NA
"22","GL4","LAKE",0,1999,1999-07-27,14.91,13.144,1.76,1.492,11.651,0.16,NA,0.16,NA,NA
"23","GL3","LAKE",0,1999,1999-07-30,13.24,13.244,NA,5.131,8.112,0.17,NA,0.17,NA,0.11
"24","GL4","LAKE",0,2000,2000-07-06,NA,NA,NA,NA,12.031,0.22,0.09,0.13,0.09,NA
"25","GL4","LAKE",0,2000,2000-07-13,NA,NA,NA,NA,9.914,0.14,0.074,0.07,0.074,NA
"26","GL4","LAKE",0,2000,2000-07-20,NA,NA,NA,NA,9.253,0.26,0.249,0.01,0.126,0.123
"27","GL4","INLET",0,2000,2000-07-25,NA,NA,NA,NA,9.435,0.26,0.229,0.03,0.229,NA
"28","GL4","OUTLET",0,2000,2000-07-25,NA,NA,NA,NA,7.586,0.23,0.165,0.06,0.165,NA
"29","GL4","LAKE",0,2000,2000-07-27,NA,NA,NA,NA,7.371,0.29,0.194,0.1,NA,0.194
"30","GL4","LAKE",0,2000,2000-08-03,NA,NA,NA,NA,5.926,0.18,0.061,0.12,0.061,NA
"31","GL4","LAKE",0,2000,2000-08-10,NA,NA,NA,NA,3.669,0.27,0.145,0.13,0.145,NA
"32","GL4","LAKE",0,2001,2001-06-28,NA,NA,NA,NA,18.809,0.11,0.116,NA,0.116,NA
"33","GL4","LAKE",0,2001,2001-07-06,NA,NA,NA,NA,14.661,0.17,0.107,0.06,0.107,NA
"34","GL4","LAKE",0,2001,2001-07-12,NA,NA,NA,NA,16.725,0.23,0.097,0.13,0.097,NA
"35","GL4","LAKE",0,2001,2001-07-19,NA,NA,NA,NA,16.243,0.25,0.11,0.14,0.11,NA
"36","GL4","LAKE",0,2001,2001-07-26,NA,21.786,NA,6.766,15.021,0.17,0.116,0.05,0.116,NA
"37","GL4","LAKE",0,2001,2001-08-03,NA,15.846,NA,5.475,10.37,0.15,0.158,NA,0.158,NA
"38","GL4","LAKE",0,2002,2002-06-25,23.42,23.467,NA,4.002,19.465,0.15,0.077,0.08,0.077,NA
"39","GL4","INLET",0,2002,2002-06-27,24.76,25.98,NA,6.321,19.66,0.22,0.187,0.03,0.187,NA
"40","GL4","OUTLET",0,2002,2002-06-27,24.14,21.825,2.31,3.553,18.273,0.16,0.155,0.01,0.155,NA
"41","GL4","LAKE",0,2002,2002-07-02,22.9,20.09,2.81,3.448,16.643,0.16,0.142,0.02,0.142,NA
"42","GL4","LAKE",0,2002,2002-07-09,18.34,16.849,1.49,2.559,14.29,0.13,0.061,0.07,0.061,NA
"43","GL4","LAKE",0,2002,2002-07-16,16.84,15.75,1.09,3.088,12.661,0.14,NA,0.14,NA,NA
"44","GL4","LAKE",0,2002,2002-07-23,16.66,13.922,2.74,2.432,11.489,0.12,0.058,0.06,0.058,NA
"45","GL4","LAKE",0,2002,2002-07-30,16.91,15.385,1.53,3.978,11.407,0.21,0.19,0.02,0.039,0.152
"46","GL4","LAKE",0,2002,2002-08-06,18.02,16.706,1.31,5.728,10.979,0.22,0.123,0.09,0.123,NA
"47","GL4","LAKE",0,2003,2003-07-08,18.43,18.17,0.26,2.09,16.08,0.45,0.116,0.33,0.116,NA
"48","GL4","LAKE",0,2003,2003-07-15,15.76,15.128,0.63,NA,15.48,0.24,0.188,0.05,0.188,NA
"49","GL4","LAKE",0,2003,2003-07-22,15.02,14.996,0.03,NA,15.451,0.15,0.136,0.01,0.136,NA
"50","GL4","LAKE",0,2003,2003-07-29,14.86,15.287,NA,1.054,14.232,0.14,0.042,0.1,0.042,NA
"51","GL4","LAKE",0,2003,2003-08-12,16.88,16.818,0.06,4.88,11.937,0.22,0.139,0.08,0.139,NA
"52","GL4","INLET",0,2004,2004-06-22,38.83,39.502,NA,6.08,33.422,0.34,0.187,0.16,0.187,NA
"53","GL4","OUTLET",0,2004,2004-06-22,38.98,37.796,1.19,7.298,30.498,0.21,0.121,0.09,0.121,NA
"54","GL4","INLET",0,2004,2004-06-29,34.7,34.223,0.47,4.603,29.621,0.19,0.176,0.02,0.176,NA
"55","GL4","OUTLET",0,2004,2004-06-29,31.54,31.015,0.53,5.246,25.769,0.17,0.135,0.03,0.135,NA
"56","GL4","INLET",0,2004,2004-07-06,27.66,26.085,1.58,1.459,24.626,0.14,0.137,NA,0.137,NA
"57","GL4","LAKE",0,2004,2004-07-06,28.6,29.107,NA,4.334,24.772,0.13,0.144,NA,0.144,NA
"58","GL4","OUTLET",0,2004,2004-07-06,30.25,28.924,1.33,4.539,24.385,0.14,0.16,NA,0.16,NA
"59","GL4","INLET",0,2004,2004-07-13,25.35,24.587,0.76,4.669,19.918,0.12,0.115,NA,0.074,0.041
"60","GL4","LAKE",0,2004,2004-07-13,26.63,26.788,NA,6.758,20.031,0.22,0.238,NA,0.238,NA
"61","GL4","OUTLET",0,2004,2004-07-13,27.96,27.405,0.55,5.487,21.918,0.18,0.191,NA,0.191,NA
"62","GL4","INLET",0,2004,2004-07-20,22.43,20.994,1.44,1.286,19.708,0.21,0.168,0.04,0.168,NA
"63","GL4","LAKE",0,2004,2004-07-20,26.83,25.588,1.24,6.073,19.515,0.31,0.323,NA,0.323,NA
"64","GL4","OUTLET",0,2004,2004-07-20,26.97,26.061,0.91,6.627,19.434,0.18,0.145,0.04,0.145,NA
"65","GL4","INLET",0,2004,2004-07-27,23.32,22.68,0.64,3.794,18.886,0.19,0.186,0.01,0.186,NA
"66","GL4","LAKE",0,2004,2004-07-27,24.44,20.853,3.58,1.306,19.547,0.2,0.107,0.1,0.107,NA
"67","GL4","OUTLET",0,2004,2004-07-27,24.33,22.846,1.49,3.476,19.369,0.15,0.107,0.04,0.107,NA
"68","GL4","INLET",0,2004,2004-08-03,27.56,26.235,1.33,7.249,18.985,0.38,0.302,0.07,0.302,NA
"69","GL4","LAKE",0,2004,2004-08-03,31.21,29.024,2.19,9.823,19.201,0.3,0.178,0.12,0.178,NA
"70","GL4","OUTLET",0,2004,2004-08-03,22.53,22.603,NA,6.155,16.448,0.23,0.176,0.06,0.176,NA
"71","GL4","INLET",0,2004,2004-08-12,18.45,17.171,1.28,2.259,14.913,0.27,0.184,0.09,0.184,NA
"72","GL4","LAKE",0,2004,2004-08-12,22.73,22.239,0.49,6.646,15.593,0.29,0.26,0.03,0.26,NA
"73","GL4","OUTLET",0,2004,2004-08-12,24.34,22.87,1.47,8.199,14.671,0.28,0.271,0.01,0.271,NA
"74","GL4","LAKE",0,2005,2005-06-30,28.41,27.157,1.26,2.239,24.917,0.07,0.037,0.04,0.037,NA
"75","GL4","INLET",0,2005,2005-07-05,21.06,22.88,NA,2.221,20.66,0.07,0.074,NA,0.026,0.047
"76","GL4","LAKE",0,2005,2005-07-05,20.6,19.39,1.21,1.52,17.87,0.08,0.036,0.05,0.036,NA
"77","GL4","OUTLET",0,2005,2005-07-05,19.53,21.063,NA,2.668,18.395,0.15,0.084,0.07,0.084,NA
"78","GL4","INLET",0,2005,2005-07-12,20.58,18.558,2.02,2.14,16.418,0.24,0.175,0.07,0.015,0.159
"79","GL4","LAKE",0,2005,2005-07-12,17.18,15.849,1.33,1.265,14.584,0.09,0.062,0.03,NA,0.068
"80","GL4","OUTLET",0,2005,2005-07-12,17.88,17.681,0.2,3.193,14.488,0.12,0.108,0.02,0.033,0.075
"81","GL4","INLET",0,2005,2005-07-19,18.33,18.1,0.23,2.344,15.757,0.08,0.07,0.01,0.023,0.047
"82","GL4","LAKE",0,2005,2005-07-19,15.04,13.969,1.07,2.237,11.732,0.08,0.055,0.03,0.007,0.048
"83","GL4","OUTLET",0,2005,2005-07-19,15.96,13.872,2.08,1.444,12.427,0.08,0.049,0.03,0.049,NA
"84","GL4","INLET",0,2005,2005-07-26,17.19,17.752,NA,1.775,15.977,0.16,0.054,0.1,0.015,0.038
"85","GL4","LAKE",0,2005,2005-07-26,16.22,15.074,1.15,3.962,11.112,0.14,0.094,0.05,0.094,NA
"86","GL4","OUTLET",0,2005,2005-07-26,13.8,13.029,0.77,2.457,10.571,0.13,0.074,0.06,0.074,NA
"87","GL4","INLET",0,2005,2005-08-02,15.66,15.906,NA,2.753,13.153,0.14,0.095,0.05,0.03,0.065
"88","GL4","LAKE",0,2005,2005-08-02,17.71,16.279,1.43,5.506,10.773,0.14,0.124,0.02,0.082,0.042
"89","GL4","OUTLET",0,2005,2005-08-02,14.13,14.178,NA,4.775,9.402,0.11,0.096,0.02,0.05,0.046
"90","GL4","INLET",0,2005,2005-08-10,21.61,19.64,1.97,4.05,15.591,0.19,0.194,NA,0.095,0.099
"91","GL4","LAKE",0,2005,2005-08-10,16.51,17.323,NA,7.453,9.87,0.13,0.084,0.05,0.033,0.051
"92","GL4","OUTLET",0,2005,2005-08-10,16.07,13.227,2.84,3.873,9.354,0.16,0.048,0.12,NA,0.044
"93","GL4","INLET",0,2005,2005-08-16,22.38,18.335,4.05,3.852,14.483,0.26,0.184,0.08,0.099,0.085
"94","GL4","LAKE",0,2005,2005-08-16,15.72,13.485,2.23,2.667,10.818,0.11,0.052,0.06,NA,0.054
"95","GL4","OUTLET",0,2005,2005-08-16,15.26,16.391,NA,5.639,10.752,0.07,0.055,0.02,0.005,0.049
"96","GL4","INLET",0,2005,2005-09-02,17.33,17.102,0.23,5.859,11.243,0.2,0.184,0.02,0.067,0.117
"97","GL4","OUTLET",0,2005,2005-09-02,12.71,11.146,1.57,3.063,8.083,0.25,0.107,0.14,NA,0.107
"98","GL4","INLET",0,2005,2005-09-13,19.48,20.036,NA,4.698,15.337,0.16,0.097,0.06,NA,0.11
"99","GL4","LAKE",0,2005,2005-09-13,14.14,14.261,NA,5.222,9.039,0.19,0.081,0.11,0.081,NA
"100","GL4","OUTLET",0,2005,2005-09-13,12.12,11.362,0.75,3.473,7.888,0.1,0.084,0.02,0.084,NA
"101","ALB","INLET",0,2006,2006-05-10,8.68,7.205,1.48,2.994,4.211,0.13,NA,0.13,NA,NA
"102","ALB","OUTLET",0,2006,2006-05-10,9.48,7.298,2.18,2.419,4.879,0.13,NA,0.13,NA,NA
"103","ALB","INLET",0,2006,2006-05-25,24,15.097,8.91,4.077,11.02,0.08,NA,0.08,NA,NA
"104","ALB","OUTLET",0,2006,2006-05-25,7.08,6.052,1.03,3.689,2.363,0.05,NA,0.05,NA,NA
"105","GL4","INLET",0,2006,2006-05-25,42.6,42.068,0.53,4.158,37.91,0.21,0.21,NA,0.21,NA
"106","ALB","INLET",0,2006,2006-06-01,14.93,13.586,1.34,3.49,10.096,0.13,NA,0.13,NA,NA
"107","ALB","OUTLET",0,2006,2006-06-01,5.63,4.007,1.63,3.637,0.37,0.08,NA,0.08,NA,NA
"108","GL4","INLET",0,2006,2006-06-01,38.07,37.722,0.35,3.321,34.401,0.19,0.197,NA,0.197,NA
"109","ALB","INLET",0,2006,2006-06-08,19.29,16.624,2.66,4.883,11.741,0.26,0.136,0.13,0.136,NA
"110","ALB","OUTLET",0,2006,2006-06-08,7.9,5.181,2.72,4.918,0.263,0.22,0.232,NA,0.232,NA
"111","GL4","INLET",0,2006,2006-06-08,34.76,32.472,2.29,4.329,28.143,0.24,0.207,0.03,0.207,NA
"112","GL5","INLET",0,2006,2006-06-08,47.99,45.361,2.63,6.026,39.336,0.27,0.274,NA,0.274,NA
"113","ALB","INLET",0,2006,2006-06-15,23.14,21.33,1.81,6.267,15.063,0.16,0.116,0.04,0.116,NA
"114","ALB","LAKE",0,2006,2006-06-15,10.08,6.978,3.1,4.314,2.665,0.24,0.11,0.13,0.11,NA
"115","ALB","OUTLET",0,2006,2006-06-15,7.65,5.49,2.16,2.653,2.838,0.15,0.11,0.05,0.052,0.058
"116","GL4","INLET",0,2006,2006-06-15,23.33,23.743,NA,4.228,19.515,0.12,0.126,NA,0.126,NA
"117","GL5","INLET",0,2006,2006-06-15,33.24,33.841,NA,4.601,29.24,0.19,0.21,NA,0.21,NA
"118","ALB","INLET",0,2006,2006-06-22,20.48,20.777,NA,3.988,16.789,0.14,0.142,NA,0.142,NA
"119","ALB","OUTLET",0,2006,2006-06-22,7.43,4.093,3.34,1.932,2.161,0.1,NA,0.1,NA,NA
"120","GL4","INLET",0,2006,2006-06-22,17.85,18.933,NA,NA,19.015,0.13,0.123,0.01,0.123,NA
"121","GL5","INLET",0,2006,2006-06-22,31.13,31.199,NA,6.314,24.885,0.24,0.232,NA,0.232,NA
"122","ALB","INLET",0,2006,2006-06-29,20.14,21.256,NA,5.122,16.135,0.12,NA,0.12,NA,NA
"123","ALB","LAKE",0,2006,2006-06-29,11.15,4.953,6.19,4.308,0.645,0.22,NA,0.22,NA,NA
"124","ALB","OUTLET",0,2006,2006-06-29,8.24,5.357,2.89,4.194,1.162,0.22,NA,0.22,NA,NA
"125","GL4","INLET",0,2006,2006-06-29,18.41,18.721,NA,2.996,15.725,0.14,0.139,NA,0.139,NA
"126","GL5","INLET",0,2006,2006-06-29,27.2,28.214,NA,5.861,22.353,0.29,0.291,NA,0.291,NA
"127","ALB","INLET",0,2006,2006-07-06,20.73,18.23,2.5,2.812,15.418,0.14,0.097,0.04,0.097,NA
"128","ALB","OUTLET",0,2006,2006-07-06,8.68,5.235,3.44,3.064,2.171,0.18,0.168,0.01,0.168,NA
"129","GL4","INLET",0,2006,2006-07-06,17.02,15.731,1.29,0.91,14.821,0.18,0.19,NA,0.19,NA
"130","GL4","LAKE",0,2006,2006-07-06,36.34,16.868,19.47,4.53,12.338,1.34,0.119,1.22,0.119,NA
"131","GL5","INLET",0,2006,2006-07-06,22.07,22.086,NA,3.281,18.805,0.34,0.274,0.06,0.274,NA
"132","ALB","INLET",0,2006,2006-07-13,17.18,17.84,NA,2.487,15.354,0.18,0.123,0.06,0.123,NA
"133","ALB","OUTLET",0,2006,2006-07-13,10.71,6.441,4.27,1.588,4.853,0.33,0.081,0.25,0.081,NA
"134","GL4","INLET",0,2006,2006-07-13,17.73,17.794,NA,0.134,17.66,0.09,0.09,NA,0.09,NA
"135","GL4","LAKE",0,2006,2006-07-13,24.74,21.172,3.56,4.23,16.942,0.22,0.052,0.16,0.052,NA
"136","GL5","INLET",0,2006,2006-07-13,18.43,18.004,0.42,0.317,17.687,0.43,0.155,0.27,0.155,NA
"137","ALB","INLET",0,2006,2006-07-20,18.68,16.278,2.4,3.214,13.063,0.06,0.058,NA,0.058,NA
"138","ALB","OUTLET",0,2006,2006-07-20,11.84,7.972,3.87,4.311,3.661,0.18,0.103,0.08,0.103,NA
"139","GL4","INLET",0,2006,2006-07-20,17.05,16.16,NA,3.806,12.354,0.11,0.09,0.02,0.09,NA
"140","GL4","LAKE",0,2006,2006-07-20,15.77,14.332,1.44,3.043,11.289,0.22,0.107,0.11,0.042,0.065
"141","GL5","INLET",0,2006,2006-07-20,17.02,17.121,NA,1.881,15.241,0.36,0.381,NA,0.381,NA
"142","ALB","INLET",0,2006,2006-07-27,14.96,13.74,1.22,1.596,12.144,NA,NA,NA,NA,NA
"143","ALB","OUTLET",0,2006,2006-07-27,10.45,6.781,3.67,2.927,3.855,0.06,NA,0.06,NA,NA
"144","GL4","INLET",0,2006,2006-07-27,17.05,16.16,0.89,4.531,11.628,0.06,0.055,NA,0.055,NA
"145","GL4","LAKE",0,2006,2006-07-27,14.86,12.359,2.5,5.553,6.806,0.21,0.103,0.11,0.103,NA
"146","GL5","INLET",0,2006,2006-07-27,20.29,19.445,0.84,3.769,15.676,0.26,0.21,0.05,0.21,NA
"147","ALB","INLET",0,2006,2006-08-01,18.03,15.149,2.88,4.069,11.08,0.15,NA,0.15,NA,NA
"148","ALB","OUTLET",0,2006,2006-08-01,10.48,8.597,1.88,4.221,4.375,0.06,NA,0.06,NA,NA
"149","GL4","INLET",0,2006,2006-08-01,11.98,12.256,NA,0.902,11.354,0.11,0.074,0.04,0.074,NA
"150","GL4","OUTLET",0,2006,2006-08-01,8.66,6.98,1.68,2.593,4.387,0.09,0.052,0.04,0.052,NA
"151","GL5","INLET",0,2006,2006-08-01,16.98,17.133,NA,2.005,15.128,0.17,0.161,0.01,0.161,NA
"152","GL5","OUTLET",0,2006,2006-08-01,11.02,9.51,1.51,1.64,7.87,0.17,NA,0.17,NA,NA
"153","GL4","INLET",0,2006,2006-08-03,18.8,16.082,2.72,5.405,10.677,0.19,0.174,0.02,0.174,NA
"154","GL4","LAKE",0,2006,2006-08-03,11.5,8.959,2.54,4.834,4.124,0.23,0.161,0.06,0.161,NA
"155","GL4","OUTLET",0,2006,2006-08-03,9.62,10.126,NA,5.75,4.376,0.23,0.087,0.15,0.087,NA
"156","ALB","INLET",0,2006,2006-08-10,12.27,12.3,NA,3.268,9.032,0.06,0.048,0.02,0.048,NA
"157","ALB","LAKE",0,2006,2006-08-10,11.04,8.27,2.77,3.295,4.974,0.09,NA,0.09,NA,NA
"158","ALB","OUTLET",0,2006,2006-08-10,11.11,8.635,2.48,3.834,4.801,0.07,NA,0.07,NA,NA
"159","GL4","INLET",0,2006,2006-08-10,12.02,10.379,1.64,1.38,8.999,0.08,0.065,0.02,0.065,NA
"160","GL4","LAKE",0,2006,2006-08-10,11.78,8.12,3.66,3.875,4.245,0.21,0.107,0.11,0.107,NA
"161","GL4","OUTLET",0,2006,2006-08-10,10.14,10.39,NA,4.859,5.532,0.24,0.068,0.17,0.068,NA
"162","GL5","INLET",0,2006,2006-08-10,19.61,17.835,1.78,2.207,15.628,0.29,0.116,0.17,0.116,NA
"163","ALB","INLET",0,2006,2006-08-17,13.05,11.833,1.21,3.301,8.532,NA,NA,NA,NA,NA
"164","ALB","OUTLET",0,2006,2006-08-17,10.37,8.933,1.44,4.449,4.484,NA,NA,NA,NA,NA
"165","GL4","INLET",0,2006,2006-08-17,10.71,11.309,NA,2.794,8.515,0.09,0.077,0.02,0.077,NA
"166","GL5","INLET",0,2006,2006-08-17,22.06,19.245,2.82,NA,19.595,0.26,0.113,0.14,0.113,NA
"167","ALB","INLET",0,2006,2006-08-24,14.27,13.352,0.92,4.627,8.725,0.09,NA,0.09,NA,NA
"168","ALB","OUTLET",0,2006,2006-08-24,10.61,10.481,0.13,6.163,4.317,0.14,NA,0.14,NA,NA
"169","GL4","INLET",0,2006,2006-08-24,14.63,13.3,1.33,4.917,8.383,0.21,0.145,0.06,0.145,NA
"170","GL5","INLET",0,2006,2006-08-24,26.33,21.811,4.52,4.571,17.241,0.5,0.255,0.25,0.255,NA
"171","ALB","INLET",0,2006,2006-09-07,10.68,8.675,2,3.691,4.983,0.11,NA,0.11,NA,NA
"172","ALB","OUTLET",0,2006,2006-09-07,11.53,7.586,3.94,4.667,2.919,0.19,0.081,0.11,0.081,NA
"173","GL4","INLET",0,2006,2006-09-07,10.88,10.928,NA,4.928,6,0.13,0.097,0.03,0.097,NA
"174","GL5","INLET",0,2006,2006-09-07,31.41,31.607,NA,3.98,27.627,0.31,0.239,0.07,0.239,NA
"175","ALB","INLET",0,2006,2006-09-29,10.8,7.467,3.33,3.967,3.5,0.21,NA,0.21,NA,NA
"176","ALB","OUTLET",0,2006,2006-09-29,10.51,6.287,4.22,5.238,1.048,0.27,NA,0.27,NA,NA
"177","GL4","OUTLET",0,2007,2007-06-10,36.09,30.889,5.2,3.137,27.751,0.33,0.042,0.28,0.042,NA
"178","GL4","OUTLET",0,2007,2007-06-10,32.34,29.086,3.26,1.233,27.853,0.07,0.071,NA,0.071,NA
"179","GL4","OUTLET",0,2007,2007-06-10,33.94,33.906,0.03,5.801,28.105,0.1,0.09,0.01,0.09,NA
"180","GL4","OUTLET",0,2007,2007-06-10,31.63,32.375,NA,4.307,28.067,0.11,0.103,0.01,0.103,NA
"181","GL4","OUTLET",0,2007,2007-06-10,30.74,31.42,NA,3.302,28.118,0.08,0.055,0.02,0.055,NA
"182","GL4","OUTLET",0,2007,2007-06-10,37.44,36.72,0.72,8.659,28.061,0.08,0.071,0.01,0.071,NA
"183","GL4","OUTLET",0,2007,2007-06-10,34.06,32.027,2.04,3.88,28.147,0.1,0.061,0.04,0.061,NA
"184","GL4","OUTLET",0,2007,2007-06-10,35.52,32.152,3.37,3.859,28.293,0.17,0.061,0.11,0.061,NA
"185","GL4","OUTLET",0,2007,2007-06-10,35.46,35.705,NA,7.474,28.231,0.12,0.045,0.07,0.045,NA
"186","GL4","OUTLET",0,2007,2007-06-10,35.98,35.482,0.5,7.025,28.457,0.08,0.084,NA,0.084,NA
"187","GL4","OUTLET",0,2007,2007-06-10,34.32,33.076,1.24,4.799,28.277,0.12,0.065,0.05,0.065,NA
"188","GL4","OUTLET",0,2007,2007-06-10,35.01,31.037,3.98,2.935,28.102,0.08,0.068,0.02,0.068,NA
"189","GL4","OUTLET",0,2007,2007-06-10,33.69,32.144,1.55,3.654,28.489,0.14,0.116,0.02,NA,0.123
"190","GL4","OUTLET",0,2007,2007-06-10,32.78,32.657,0.12,4.393,28.264,0.09,0.097,NA,0.097,NA
"191","GL4","OUTLET",0,2007,2007-06-10,32.03,30.229,1.8,2.041,28.188,0.12,0.048,0.07,0.048,NA
"192","GL4","OUTLET",0,2007,2007-06-10,37.02,30.465,6.56,2.888,27.577,0.16,0.145,0.02,0.145,NA
"193","GL4","OUTLET",0,2007,2007-06-10,32.97,30.574,2.39,2.71,27.864,0.11,0.077,0.03,0.077,NA
"194","GL4","OUTLET",0,2007,2007-06-10,28.76,28.678,0.08,0.262,28.417,0.11,0.042,0.06,0.042,NA
"195","GL4","OUTLET",0,2007,2007-06-11,32.85,32.501,0.35,5.301,27.201,0.09,0.071,0.02,0.071,NA
"196","GL4","OUTLET",0,2007,2007-06-11,29.28,29.86,NA,2.33,27.53,0.06,0.036,0.02,0.036,NA
"197","GL4","OUTLET",0,2007,2007-06-11,31.18,30.45,0.73,3.067,27.383,0.05,0.039,0.02,0.039,NA
"198","GL4","OUTLET",0,2007,2007-06-11,33.13,31.266,1.87,3.711,27.555,0.1,0.055,0.04,0.055,NA
"199","GL4","OUTLET",0,2007,2007-06-11,32.66,32.345,0.32,4.685,27.66,0.09,0.068,0.02,0.068,NA
"200","GL4","OUTLET",0,2007,2007-06-11,33.61,29.902,3.71,1.784,28.118,0.07,0.055,0.02,0.055,NA
"201","GL4","OUTLET",0,2007,2007-07-02,16.17,16.526,NA,2.366,14.16,0.21,0.065,0.14,0.065,NA
"202","GL4","OUTLET",0,2007,2007-07-02,16.72,15.282,1.44,0.913,14.37,0.13,NA,0.13,NA,NA
"203","GL4","OUTLET",0,2007,2007-07-02,16.31,16.168,0.15,1.846,14.321,0.17,0.032,0.14,0.032,NA
"204","GL4","OUTLET",0,2007,2007-07-02,18.22,14.918,3.3,0.629,14.289,0.23,NA,0.23,NA,NA
"205","GL4","OUTLET",0,2007,2007-07-02,15.78,16.076,NA,1.981,14.096,0.21,0.048,0.16,0.048,NA
"206","GL4","OUTLET",0,2007,2007-07-02,22.36,19.13,3.23,4.744,14.386,0.19,0.036,0.15,0.036,NA
"207","GL4","OUTLET",0,2007,2007-07-02,17.05,18.312,NA,4.426,13.886,0.18,NA,0.18,NA,NA
"208","GL4","OUTLET",0,2007,2007-07-02,18.62,19.968,NA,4.969,14.999,0.19,NA,0.19,NA,NA
"209","GL4","OUTLET",0,2007,2007-07-02,16.28,16.025,0.26,0.689,15.336,0.15,0.136,0.01,0.136,NA
"210","GL4","OUTLET",0,2007,2007-07-02,16.79,17.258,NA,2.984,14.273,0.17,0.052,0.12,0.052,NA
"211","GL4","OUTLET",0,2007,2007-07-02,18.24,15.815,2.42,1.623,14.192,0.16,NA,0.16,NA,NA
"212","GL4","OUTLET",0,2007,2007-07-02,19.96,16.856,3.11,2.277,14.579,0.16,NA,0.16,NA,NA
"213","GL4","OUTLET",0,2007,2007-07-02,17.69,16.652,1.04,3.379,13.273,0.17,NA,0.17,NA,NA
"214","GL4","OUTLET",0,2007,2007-07-02,17.38,17.048,0.34,2.056,14.992,0.16,NA,0.16,NA,NA
"215","GL4","OUTLET",0,2007,2007-07-02,16.51,14.346,2.16,0.122,14.225,0.11,NA,0.11,NA,NA
"216","GL4","OUTLET",0,2007,2007-07-03,16.81,16.812,NA,2.555,14.257,0.14,0.052,0.09,0.052,NA
"217","GL4","OUTLET",0,2007,2007-07-03,16.35,15.19,1.16,0.771,14.418,0.13,NA,0.13,NA,NA
"218","GL4","OUTLET",0,2007,2007-07-03,15.61,15.768,NA,1.414,14.354,0.17,NA,0.17,NA,NA
"219","GL4","OUTLET",0,2007,2007-07-03,15.75,16.5,NA,1.743,14.757,0.11,0.065,0.05,0.006,0.058
"220","GL4","OUTLET",0,2007,2007-07-03,15.91,16.043,NA,1.689,14.354,0.17,0.1,0.07,0.1,NA
"221","GL4","OUTLET",0,2007,2007-07-03,16.92,16.613,0.31,1.904,14.709,0.14,0.036,0.1,0.036,NA
"222","GL4","OUTLET",0,2007,2007-07-03,18.74,18.447,0.3,4.109,14.338,0.13,NA,0.13,NA,NA
"223","GL4","OUTLET",0,2007,2007-07-03,18.45,19.03,NA,4.612,14.418,0.17,NA,0.17,NA,NA
"224","GL4","OUTLET",0,2007,2007-07-03,16.4,16.8,NA,2.124,14.676,0.16,0.077,0.08,0.077,NA
"225","GL4","INLET",0,2007,2007-07-05,21.88,21.155,0.73,1.854,19.302,0.2,0.155,0.05,0.036,0.119
"226","GL4","LAKE",0,2007,2007-07-05,19.61,18.324,1.28,4.023,14.3,0.19,0.032,0.16,0.032,NA
"227","GL4","OUTLET",0,2007,2007-07-05,19.96,19.927,0.03,5.886,14.041,0.12,NA,0.12,NA,NA
"228","GL4","INLET",0,2007,2007-07-12,22.6,18.289,4.31,NA,18.904,0.23,0.107,0.12,0.107,NA
"229","GL4","LAKE",0,2007,2007-07-12,21.93,16.566,5.36,2.927,13.639,0.35,0.09,0.26,0.09,NA
"230","GL4","OUTLET",0,2007,2007-07-12,19.39,19.59,NA,6.284,13.306,0.27,0.123,0.15,0.013,0.11
"231","GL4","INLET",0,2007,2007-07-19,18.94,15.792,3.15,5.036,10.756,0.19,0.113,0.07,0.013,0.1
"232","GL4","LAKE",0,2007,2007-07-19,17.18,16.298,0.88,3.665,12.633,0.14,0.065,0.07,0.065,NA
"233","GL4","OUTLET",0,2007,2007-07-19,16.38,17.229,NA,4.635,12.594,0.12,0.097,0.02,0.097,NA
"234","GL4","INLET",0,2007,2007-07-26,17.88,17.516,0.36,4.678,12.838,0.12,0.116,NA,0.026,0.09
"235","GL4","LAKE",0,2007,2007-07-26,13.2,12.831,0.37,2.351,10.48,0.08,0.081,NA,NA,0.097
"236","GL4","OUTLET",0,2007,2007-07-26,13.3,13.206,0.09,2.414,10.792,0.08,NA,0.08,NA,NA
"237","GL4","INLET",0,2007,2007-08-02,25.28,23.709,1.57,1.695,22.014,0.16,0.158,NA,0.158,NA
"238","GL4","LAKE",0,2007,2007-08-02,19.27,19.206,0.06,3.487,15.719,0.12,0.113,0.01,0.113,NA
"239","GL4","OUTLET",0,2007,2007-08-02,17.17,18.713,NA,3.213,15.5,0.1,0.09,0.01,0.09,NA
"240","GL4","INLET",0,2007,2007-08-09,27.22,27.633,NA,4.491,23.142,0.14,0.158,NA,0.158,NA
"241","GL4","LAKE",0,2007,2007-08-09,20.18,20.165,0.01,2.702,17.463,0.14,0.119,0.02,0.119,NA
"242","GL4","OUTLET",0,2007,2007-08-09,19.64,20.695,NA,3.227,17.468,0.13,0.11,0.02,0.11,NA
"243","GL4","INLET",0,2007,2007-08-16,26.15,26.86,NA,6.104,20.756,0.14,0.139,NA,0.139,NA
"244","GL4","LAKE",0,2007,2007-08-16,21.07,18.711,2.36,1.39,17.321,0.12,0.077,0.04,0.019,0.058
"245","GL4","OUTLET",0,2007,2007-08-16,21.82,21.83,NA,4.234,17.595,NA,NA,NA,NA,NA
"246","GL4","OUTLET",0,2007,2007-08-16,25.27,23.632,1.64,6.505,17.128,NA,NA,NA,NA,NA
"247","GL4","OUTLET",0,2007,2007-08-16,21.25,21.766,NA,4.574,17.192,0.12,0.113,0.01,0.113,NA
"248","GL4","OUTLET",0,2007,2007-08-16,NA,18.46,NA,2.413,16.047,NA,NA,NA,NA,NA
"249","GL4","OUTLET",0,2007,2007-08-16,24.27,23.562,0.71,6.225,17.337,0.04,NA,0.04,NA,NA
"250","GL4","OUTLET",0,2007,2007-08-16,24.24,26.686,NA,9.316,17.37,0.04,0.039,NA,0.039,NA
"251","GL4","OUTLET",0,2007,2007-08-16,23.48,23.434,0.05,6.403,17.031,NA,NA,NA,NA,NA
"252","GL4","OUTLET",0,2007,2007-08-16,NA,17.65,NA,3.684,13.967,NA,NA,NA,NA,NA
"253","GL4","OUTLET",0,2007,2007-08-16,24.6,22.903,1.7,5.421,17.482,NA,NA,NA,NA,NA
"254","GL4","OUTLET",0,2007,2007-08-16,26.23,25.325,0.91,7.972,17.353,NA,NA,NA,NA,NA
"255","GL4","OUTLET",0,2007,2007-08-16,25.51,25.928,NA,8.735,17.192,NA,NA,NA,NA,NA
"256","GL4","OUTLET",0,2007,2007-08-16,NA,16.187,NA,0.995,15.192,NA,NA,NA,NA,NA
"257","GL4","OUTLET",0,2007,2007-08-16,20.72,20.518,0.2,2.89,17.628,NA,NA,NA,NA,NA
"258","GL4","OUTLET",0,2007,2007-08-16,23,19.84,3.16,2.502,17.337,0.06,NA,0.06,NA,NA
"259","GL4","OUTLET",0,2007,2007-08-16,29.24,21.989,7.25,4.442,17.547,NA,NA,NA,NA,NA
"260","GL4","OUTLET",0,2007,2007-08-16,23.4,25.236,NA,7.995,17.241,0.03,NA,0.03,NA,NA
"261","GL4","OUTLET",0,2007,2007-08-17,23.55,20.655,2.89,3.285,17.37,0.05,NA,0.05,NA,NA
"262","GL4","OUTLET",0,2007,2007-08-17,21.68,17.321,4.36,0.162,17.16,NA,NA,NA,NA,NA
"263","GL4","OUTLET",0,2007,2007-08-17,21.27,20.831,0.44,4.945,15.886,NA,NA,NA,NA,NA
"264","GL4","OUTLET",0,2007,2007-08-17,NA,17.473,NA,3.119,14.354,NA,NA,NA,NA,NA
"265","GL4","OUTLET",0,2007,2007-08-17,NA,19.38,NA,5.316,14.063,NA,NA,NA,NA,NA
"266","GL4","OUTLET",0,2007,2007-08-17,27.32,23.967,3.35,6.485,17.482,0.03,NA,0.03,NA,NA
"267","GL4","OUTLET",0,2007,2007-08-17,NA,15.604,NA,1.782,13.821,NA,NA,NA,NA,NA
"268","GL4","OUTLET",0,2007,2007-08-17,20.78,21.102,NA,3.668,17.434,0.04,NA,0.04,NA,NA
"269","GL4","INLET",0,2008,2008-07-01,28.41,26.416,2,4.305,22.111,0.41,0.423,NA,0.229,0.194
"270","GL4","OUTLET",0,2008,2008-07-01,24.99,26.416,NA,5.676,20.74,1.4,0.274,1.13,0.048,0.226
"271","GL4","INLET",0,2008,2008-07-10,21.54,21.004,0.54,2.257,18.747,1,0.171,0.83,0.01,0.161
"272","GL4","OUTLET",0,2008,2008-07-10,21.33,19.326,2.01,2.134,17.192,NA,NA,NA,NA,0.161
"273","GL4","INLET",0,2008,2008-07-15,21.44,20.759,0.68,4.728,16.031,0.28,0.271,0.01,0.077,0.194
"274","GL4","LAKE",0,2008,2008-07-15,20.17,17.473,2.7,3.232,14.241,0.23,NA,NA,NA,0.194
"275","GL4","OUTLET",0,2008,2008-07-15,18.63,18.882,NA,5.093,13.789,NA,NA,NA,NA,0.194
"276","GL4","INLET",0,2008,2008-07-24,21.39,17.563,3.83,1.097,16.466,0.22,0.187,0.03,NA,0.194
"277","GL4","LAKE",0,2008,2008-07-24,17.83,15.703,2.13,4.37,11.333,0.52,0.132,0.39,0.013,0.119
"278","GL4","OUTLET",0,2008,2008-07-24,16.4,17.119,NA,8.297,8.822,0.28,NA,NA,NA,0.194
"279","GL4","INLET",0,2008,2008-07-29,16.87,16.375,0.5,2.07,14.305,0.2,0.2,NA,0.039,0.161
"280","GL4","LAKE",0,2008,2008-07-29,15.47,11.433,4.04,3.256,8.177,0.4,0.152,0.25,NA,0.161
"281","GL4","OUTLET",0,2008,2008-07-29,17.68,11.015,6.66,3.451,7.564,NA,NA,NA,NA,0.226
"282","GL4","INLET",0,2008,2008-08-07,26.81,24.951,1.86,2.808,22.143,1.67,NA,NA,NA,0.194
"283","GL4","LAKE",0,2008,2008-08-07,12.81,10.229,2.58,2.115,8.114,0.35,NA,NA,NA,0.226
"284","GL4","OUTLET",0,2008,2008-08-07,14.81,12.374,2.43,5.903,6.471,0.24,NA,NA,NA,0.194
"285","GL3","INLET",0,2009,2009-07-02,NA,17.563,NA,3.354,14.209,NA,0.068,NA,0.068,NA
"286","GL4","INLET",0,2009,2009-07-02,NA,15.707,NA,1.014,14.692,NA,0.065,NA,0.065,NA
"287","GL4","OUTLET",0,2009,2009-07-02,NA,16.492,NA,1.558,14.934,NA,NA,NA,NA,0.029
"288","GL3","INLET",0,2009,2009-07-07,NA,13.708,NA,2.934,10.773,NA,0.2,NA,0.036,0.165
"289","GL4","INLET",0,2009,2009-07-07,NA,15.493,NA,2.026,13.467,NA,0.209,NA,0.122,0.087
"290","GL4","OUTLET",0,2009,2009-07-07,NA,14.993,NA,2.042,12.951,NA,0.061,NA,0.061,NA
"291","GL3","INLET",0,2009,2009-07-09,NA,13.137,NA,2.605,10.531,NA,NA,NA,NA,NA
"292","GL4","INLET",0,2009,2009-07-09,NA,13.922,NA,2.391,11.531,NA,0.025,NA,0.025,NA
"293","GL4","OUTLET",0,2009,2009-07-09,NA,15.278,NA,2.796,12.483,NA,NA,NA,NA,NA
"294","GL3","INLET",0,2009,2009-07-14,NA,10.781,NA,2.588,8.193,NA,0.253,NA,0.253,NA
"295","GL4","INLET",0,2009,2009-07-14,NA,13.137,NA,2.637,10.499,NA,0.254,NA,0.254,NA
"296","GL4","LAKE",0,2009,2009-07-14,NA,13.137,NA,2.25,10.886,NA,0.168,NA,0.168,NA
"297","GL4","OUTLET",0,2009,2009-07-14,NA,11.423,NA,0.747,10.677,NA,NA,NA,NA,NA
"298","GL3","INLET",0,2009,2009-07-16,NA,9.567,NA,2.842,6.725,NA,0.076,NA,0.076,NA
"299","GL4","INLET",0,2009,2009-07-16,NA,12.066,NA,1.921,10.144,NA,NA,NA,NA,NA
"300","GL4","OUTLET",0,2009,2009-07-16,NA,10.424,NA,0.553,9.87,NA,0.477,NA,0.477,NA
"301","GL3","INLET",0,2009,2009-07-21,NA,9.567,NA,3.729,5.838,NA,0.407,NA,0.373,0.034
"302","GL4","INLET",0,2009,2009-07-21,NA,11.923,NA,2.907,9.015,NA,0.444,NA,0.444,NA
"303","GL4","LAKE",0,2009,2009-07-21,NA,11.352,NA,4.61,6.741,NA,NA,NA,NA,0.016
"304","GL4","OUTLET",0,2009,2009-07-21,NA,7.925,NA,0.829,7.096,NA,0.31,NA,0.287,0.023
"305","GL3","INLET",0,2009,2009-07-23,NA,10.388,NA,4.388,6,NA,0.112,NA,0.082,0.03
"306","GL4","INLET",0,2009,2009-07-23,NA,11.28,NA,2.991,8.29,NA,0.464,NA,0.464,NA
"307","GL4","OUTLET",0,2009,2009-07-23,NA,6.982,NA,0.324,6.659,NA,0.305,NA,0.305,NA
"308","GL3","INLET",0,2009,2009-07-28,NA,15.193,NA,7.033,8.16,NA,NA,NA,NA,NA
"309","GL4","INLET",0,2009,2009-07-28,NA,11.337,NA,2.548,8.79,NA,0.097,NA,0.081,0.016
"310","GL4","LAKE",0,2009,2009-07-28,NA,10.481,NA,4.995,5.485,NA,NA,NA,NA,0.026
"311","GL4","OUTLET",0,2009,2009-07-28,NA,8.924,NA,4.102,4.822,NA,NA,NA,NA,NA
"312","GL3","INLET",0,2009,2009-07-30,NA,9.752,NA,1.723,8.029,NA,0.27,NA,0.27,NA
"313","GL4","INLET",0,2009,2009-07-30,NA,11.038,NA,0.327,10.711,NA,0.288,NA,0.288,NA
"314","GL4","OUTLET",0,2009,2009-07-30,NA,8.732,NA,3.373,5.359,NA,0.301,NA,0.301,NA
"315","GL4","INLET",0,2009,2009-08-04,NA,13.973,NA,3.055,10.918,NA,0.316,NA,0.316,NA
"316","GL4","LAKE",0,2009,2009-08-04,NA,11.372,NA,4.791,6.58,NA,0.125,NA,0.098,0.027
"317","GL4","OUTLET",0,2009,2009-08-04,NA,10.941,NA,4.603,6.338,NA,0.046,NA,0.046,NA
"318","GL3","INLET",0,2009,2009-08-11,NA,7.568,NA,0.139,7.428,NA,0.284,NA,0.284,NA
"319","GL4","INLET",0,2009,2009-08-11,NA,12.355,NA,3.098,9.257,NA,0.287,NA,0.27,0.017
"320","GL4","OUTLET",0,2009,2009-08-11,NA,9.268,NA,3.526,5.741,NA,NA,NA,NA,NA
"321","GL4","OUTLET",0,2009,2009-08-11,NA,9.558,NA,3.351,6.207,NA,0.051,NA,0.03,0.02
"322","GL4","INLET",0,2009,2009-08-18,NA,11.138,NA,1.654,9.483,NA,0.343,NA,0.259,0.084
"323","GL4","LAKE",0,2009,2009-08-18,NA,7.496,NA,1.852,5.645,NA,0.033,NA,0.014,0.018
"324","GL4","OUTLET",0,2009,2009-08-18,NA,6.925,NA,1.313,5.612,NA,0.156,NA,0.156,NA
"325","GL4","INLET",0,2010,2010-07-01,NA,16.135,NA,2.384,13.751,NA,0.242,NA,0.081,0.161
"326","GL4","OUTLET",0,2010,2010-07-01,NA,18.777,NA,4.467,14.309,NA,0.103,NA,NA,0.126
"327","GL4","INLET",0,2010,2010-07-08,NA,15.271,NA,2.417,12.854,NA,0.095,NA,0.017,0.077
"328","GL4","LAKE",0,2010,2010-07-08,NA,17.806,NA,3.218,14.587,NA,NA,NA,NA,NA
"329","GL4","OUTLET",0,2010,2010-07-08,NA,17.332,NA,4.482,12.849,NA,0.107,NA,0.052,0.055
"330","ALB","LAKE",0,2010,2010-07-13,NA,17.349,NA,9.677,7.671,NA,0.038,NA,0.016,0.022
"331","GL1","LAKE",0,2010,2010-07-13,NA,13.328,NA,3.922,9.405,NA,NA,NA,NA,NA
"332","GL4","INLET",0,2010,2010-07-15,NA,14.582,NA,3.244,11.338,NA,0.105,NA,0.076,0.029
"333","GL4","LAKE",0,2010,2010-07-15,NA,13.943,NA,4.46,9.483,NA,NA,NA,NA,0.025
"334","GL4","OUTLET",0,2010,2010-07-15,NA,13.122,NA,2.512,10.61,NA,NA,NA,NA,0.033
"335","GL4","INLET",0,2010,2010-07-22,NA,12.54,NA,1.181,11.359,NA,0.067,NA,0.012,0.055
"336","GL4","LAKE",0,2010,2010-07-22,NA,10.349,NA,2.984,7.365,NA,0.123,NA,0.1,0.023
"337","GL4","OUTLET",0,2010,2010-07-22,NA,9.745,NA,2.746,6.999,NA,0.05,NA,NA,0.073
"338","GL4","INLET",0,2010,2010-07-29,NA,9.045,NA,5.481,3.564,NA,0.097,NA,0.097,NA
"339","GL4","LAKE",0,2010,2010-07-29,NA,14.806,NA,5.476,9.33,NA,0.119,NA,0.009,0.11
"340","GL4","OUTLET",0,2010,2010-07-29,NA,8.041,NA,4.703,3.338,NA,0.098,NA,0.062,0.035
"341","GL4","INLET",0,2010,2010-08-04,NA,17.33,NA,2.267,15.063,NA,0.086,NA,0.031,0.055
"342","GL4","LAKE",0,2010,2010-08-04,NA,8.584,NA,5.052,3.532,NA,NA,NA,NA,0.047
"343","GL4","OUTLET",0,2010,2010-08-04,NA,6.423,NA,3.52,2.903,NA,0.098,NA,0.067,0.031
"344","GL4","INLET",0,2010,2010-08-10,NA,20.547,NA,6.257,14.289,NA,0.145,NA,0.079,0.066
"345","GL4","LAKE",0,2010,2010-08-10,NA,10.985,NA,5.856,5.129,NA,0.043,NA,NA,0.043
"346","GL4","OUTLET",0,2010,2010-08-10,NA,10.146,NA,5.469,4.677,NA,0.039,NA,0.039,NA
"347","GL4","INLET",0,2010,2010-08-19,NA,15.995,NA,8.367,7.628,NA,0.083,NA,0.024,0.059
"348","GL4","LAKE",0,2010,2010-08-19,NA,12.329,NA,8.023,4.306,NA,0.045,NA,0.01,0.035
"349","GL4","INLET",0,2011,2011-07-28,NA,18.026,NA,5.85,12.176,NA,0.285,NA,0.152,0.133
"350","GL4","OUTLET",0,2011,2011-07-28,NA,19.514,NA,6.225,13.289,NA,0.358,NA,0.274,0.084
"351","GL4","INLET",0,2011,2011-08-02,NA,16.029,NA,4.401,11.628,NA,0.699,NA,0.548,0.15
"352","GL4","LAKE",0,2011,2011-08-02,NA,15.976,NA,3.606,12.37,NA,0.38,NA,0.295,0.085
"353","GL4","OUTLET",0,2011,2011-08-02,NA,16.835,NA,5.03,11.806,NA,0.717,NA,0.643,0.073
"354","GL4","INLET",0,2011,2011-08-09,NA,15.78,NA,6.442,9.338,NA,0.238,NA,0.119,0.119
"355","GL4","LAKE",0,2011,2011-08-09,NA,12.762,NA,3.537,9.225,NA,0.485,NA,0.454,0.03
"356","GL4","OUTLET",0,2011,2011-08-09,NA,12.331,NA,3.122,9.209,NA,0.644,NA,0.607,0.037
"357","GL4","INLET",0,2011,2011-09-02,NA,10.845,NA,3.394,7.451,NA,0.152,NA,0.066,0.087
"358","GL4","LAKE",0,2011,2011-09-02,NA,6.925,NA,2.57,4.355,NA,NA,NA,NA,NA
"359","GL4","OUTLET",0,2011,2011-09-02,NA,7.945,NA,4.574,3.371,NA,NA,NA,NA,0.064
"360","GL4","INLET",0,2011,2011-09-09,NA,14.259,NA,5.276,8.983,NA,0.072,NA,NA,0.068
"361","GL4","LAKE",0,2011,2011-09-09,NA,10.192,NA,5.128,5.064,NA,NA,NA,NA,0.043
"362","GL4","OUTLET",0,2011,2011-09-09,NA,10.246,NA,4.921,5.325,NA,0.043,NA,NA,0.038
"363","GL4","INLET",0,2011,2011-09-16,NA,22.525,NA,8.7,13.825,NA,0.04,NA,NA,0.041
"364","GL4","LAKE",0,2011,2011-09-16,NA,9.938,NA,2.958,6.979,NA,0.054,NA,0.014,0.039
"365","GL4","OUTLET",0,2011,2011-09-16,NA,13.12,NA,5.129,7.991,NA,0.039,NA,NA,0.052
"366","GL4","INLET",0,2012,2012-06-26,NA,15.758,NA,7.743,8.015,NA,0.116,NA,0.116,NA
"367","GL4","LAKE",0,2012,2012-06-26,NA,22.759,NA,13.582,9.177,NA,NA,NA,NA,0.023
"368","GL4","OUTLET",0,2012,2012-06-26,NA,13.159,NA,4.725,8.435,NA,NA,NA,NA,NA
"369","GL4","INLET",0,2012,2012-07-03,NA,18.762,NA,NA,NA,NA,NA,NA,NA,NA
"370","GL4","LAKE",0,2012,2012-07-03,NA,24.043,NA,15.785,8.257,NA,NA,NA,NA,NA
"371","GL4","OUTLET",0,2012,2012-07-03,NA,24.25,NA,NA,NA,NA,NA,NA,NA,NA
"372","GL4","INLET",0,2012,2012-07-12,NA,25.351,NA,6.46,18.891,NA,0.136,NA,0.095,0.041
"373","GL4","LAKE",0,2012,2012-07-12,NA,24.311,NA,6.216,18.095,NA,0.13,NA,0.063,0.067
"374","GL4","OUTLET",0,2012,2012-07-12,NA,25.114,NA,7.578,17.536,NA,NA,NA,NA,0.029
"375","GL4","INLET",0,2012,2012-07-17,NA,32.314,NA,13.104,19.21,NA,NA,NA,NA,NA
"376","GL4","LAKE",0,2012,2012-07-17,NA,20.749,NA,2.58,18.168,NA,0.182,NA,0.119,0.063
"377","GL4","OUTLET",0,2012,2012-07-17,NA,23.052,NA,6.182,16.87,NA,NA,NA,NA,NA
"378","GL4","INLET",0,2012,2012-07-24,NA,29.695,NA,9.833,19.862,NA,0.068,NA,0.03,0.038
"379","GL4","LAKE",0,2012,2012-07-24,NA,25.503,NA,6.559,18.943,NA,NA,NA,NA,NA
"380","GL4","OUTLET",0,2012,2012-07-24,NA,27.723,NA,9.87,17.853,NA,0.147,NA,0.147,NA
"381","GL4","INLET",0,2012,2012-07-31,NA,27.119,NA,10.12,16.999,NA,0.061,NA,0.042,0.019
"382","GL4","LAKE",0,2012,2012-07-31,NA,23.152,NA,3.331,19.821,NA,NA,NA,NA,NA
"383","GL4","OUTLET",0,2012,2012-07-31,NA,27.048,NA,7.921,19.128,NA,0.073,NA,0.073,NA
"384","GL4","INLET",0,2012,2012-08-07,NA,22.25,NA,5.09,17.16,NA,0.153,NA,0.119,0.034
"385","GL4","LAKE",0,2012,2012-08-07,NA,22.14,NA,2.723,19.418,NA,0.037,NA,0.012,0.025
"386","GL4","OUTLET",0,2012,2012-08-07,NA,23.825,NA,4.633,19.192,NA,0.042,NA,0.042,NA
"387","GL4","INLET",0,2013,2013-07-18,NA,19.724,NA,1.811,17.913,NA,NA,NA,NA,0.062
"388","GL4","LAKE",0,2013,2013-07-18,NA,16.656,NA,2.553,14.103,NA,NA,NA,NA,NA
"389","GL4","OUTLET",0,2013,2013-07-18,NA,15.924,NA,1.708,14.216,NA,NA,NA,NA,NA
"390","GL4","INLET",0,2013,2013-07-23,NA,17.271,NA,4.224,13.047,NA,0.19,NA,0.066,0.124
"391","GL4","LAKE",0,2013,2013-07-23,NA,18.194,NA,6.233,11.961,NA,0.068,NA,0.068,NA
"392","GL4","OUTLET",0,2013,2013-07-23,NA,13.234,NA,1.83,11.404,NA,0.051,NA,0.051,NA
"393","GL4","INLET",0,2013,2013-07-30,NA,17.284,NA,2.272,15.012,NA,0.973,NA,0.859,0.114
"394","GL4","LAKE",0,2013,2013-07-30,NA,14.525,NA,4.913,9.612,NA,0.061,NA,0.016,0.044
"395","GL4","OUTLET",0,2013,2013-07-30,NA,13.024,NA,3.315,9.709,NA,0.046,NA,0.046,NA
"396","GL4","INLET",0,2013,2013-08-06,NA,18.364,NA,3.703,14.661,NA,0.188,NA,0.046,0.142
"397","GL4","LAKE",0,2013,2013-08-06,NA,15.411,NA,5.644,9.766,NA,0.07,NA,0.019,0.051
"398","GL4","OUTLET",0,2013,2013-08-06,NA,12.891,NA,4.472,8.419,NA,0.073,NA,0.073,NA
"399","GL4","INLET",0,2013,2013-08-13,NA,17.919,NA,6.871,11.048,NA,0.058,NA,NA,0.152
"400","GL4","LAKE",0,2013,2013-08-13,NA,13.679,NA,4.038,9.64,NA,0.156,NA,0.156,NA
"401","GL4","OUTLET",0,2013,2013-08-13,NA,11.464,NA,2.435,9.029,NA,0.043,NA,0.043,NA
"402","GL4","INLET",0,2013,2013-08-20,NA,21.343,NA,3.667,17.676,NA,0.15,NA,0.104,0.046
"403","GL4","LAKE",0,2013,2013-08-20,NA,18.41,NA,7.331,11.079,NA,NA,NA,NA,0.04
"404","GL4","OUTLET",0,2013,2013-08-20,NA,12.329,NA,1.284,11.045,NA,0.029,NA,NA,0.074
"405","GL4","INLET",0,2014,2014-07-17,NA,12.45,NA,2.16,10.29,NA,0.07,NA,0.02,0.046
"406","GL4","LAKE",0,2014,2014-07-17,NA,19.14,NA,7.13,12.02,NA,0.12,NA,0.08,0.038
"407","GL4","OUTLET",0,2014,2014-07-17,NA,16.9,NA,6.27,10.63,NA,0.06,NA,0.03,0.029
"408","GL1","LAKE",0,2014,2014-07-22,NA,12.32,NA,8.77,3.55,NA,0.05,NA,NA,0.057
"409","GL4","INLET",0,2014,2014-07-24,NA,8.41,NA,1.12,7.29,NA,0.15,NA,0.07,0.075
"410","GL4","LAKE",0,2014,2014-07-24,NA,12.64,NA,5.56,7.08,NA,0.1,NA,0.08,0.014
"411","GL4","OUTLET",0,2014,2014-07-24,NA,9.46,NA,2.49,6.97,NA,0.05,NA,0.01,0.038
"412","GL1","LAKE",0,2014,2014-07-29,NA,10.75,NA,7.94,2.81,NA,0.06,NA,NA,0.074
"413","GL4","INLET",0,2014,2014-07-31,NA,15.24,NA,3.51,11.72,NA,0.15,NA,0.05,0.108
"414","GL4","LAKE",0,2014,2014-07-31,NA,12.12,NA,4.15,7.97,NA,0.08,NA,0.02,0.063
"415","GL4","OUTLET",0,2014,2014-07-31,NA,14.08,NA,4.58,9.5,NA,0.14,NA,0.06,0.08
"416","GL1","LAKE",0,2014,2014-08-05,NA,7.39,NA,5.48,1.9,NA,0.11,NA,0.07,0.048
"417","GL4","INLET",0,2014,2014-08-07,NA,18.08,NA,6.34,11.74,NA,0.14,NA,0.03,0.113
"418","GL4","LAKE",0,2014,2014-08-07,NA,17.09,NA,7,10.1,NA,0.09,NA,0.03,0.062
"419","GL4","OUTLET",0,2014,2014-08-07,NA,14.69,NA,5.18,9.52,NA,0.07,NA,0.02,0.051
"420","GL1","LAKE",0,2014,2014-08-12,NA,10.09,NA,7.83,2.25,NA,0.02,NA,NA,0.06
"421","GL4","INLET",0,2014,2014-08-14,NA,14.4,NA,5.38,9.02,NA,0.17,NA,0.04,0.131
"422","GL4","LAKE",0,2014,2014-08-14,NA,15.24,NA,7.47,7.77,NA,0.08,NA,0.01,0.07
"423","GL4","OUTLET",0,2014,2014-08-14,NA,12.04,NA,2.63,9.41,NA,0.03,NA,NA,0.028
"424","GL1","LAKE",0,2014,2014-08-19,NA,8.24,NA,6.77,1.47,NA,0.04,NA,NA,0.059
"425","GL4","INLET",0,2014,2014-08-21,NA,14.39,NA,4.58,9.81,NA,0.14,NA,0.04,0.093
"426","GL4","LAKE",0,2014,2014-08-21,NA,12.41,NA,5.78,6.63,NA,0.07,NA,0.02,0.058
"427","GL4","OUTLET",0,2014,2014-08-21,NA,12.53,NA,6.03,6.5,NA,0.04,NA,NA,0.062
"428","GL1","LAKE",0,2014,2014-08-26,NA,7.24,NA,5.49,1.75,NA,0.03,NA,NA,0.063
"429","GL1","LAKE",0,2015,2015-07-09,NA,21.74,NA,9.29,12.45,NA,0.02,NA,NA,0.04
"430","GL4","INLET",0,2015,2015-07-14,NA,15.85,NA,3.56,12.29,NA,0.14,NA,0.05,0.088
"431","GL4","LAKE",0,2015,2015-07-14,NA,18.76,NA,4.76,14,NA,0.11,NA,0.08,0.035
"432","GL4","OUTLET",0,2015,2015-07-14,NA,17,NA,3.87,13.13,NA,0.2,NA,0.16,0.041
"433","GL1","LAKE",0,2015,2015-07-16,NA,27.41,NA,17.21,10.21,NA,0.05,NA,0.02,0.027
"434","GL1","LAKE",0,2015,2015-07-21,NA,22.35,NA,11.19,11.16,NA,0.04,NA,NA,0.042
"435","GL4","INLET",0,2015,2015-07-23,NA,15.62,NA,4.03,11.59,NA,0.24,NA,0.1,0.148
"436","GL4","LAKE",0,2015,2015-07-23,NA,20.99,NA,12.96,8.04,NA,0.07,NA,0.05,0.017
"437","GL4","OUTLET",0,2015,2015-07-23,NA,23.8,NA,15.88,7.92,NA,0.04,NA,NA,0.038
"438","GL4","INLET",0,2015,2015-07-28,NA,8.85,NA,3.21,5.64,NA,0.19,NA,0.1,0.09
"439","GL4","LAKE",0,2015,2015-07-28,NA,14.41,NA,3.29,11.12,NA,0.07,NA,0.02,0.049
"440","GL4","OUTLET",0,2015,2015-07-28,NA,8.9,NA,NA,12.41,NA,0.07,NA,0.03,0.041
"441","GL1","LAKE",0,2015,2015-07-30,NA,13.2,NA,5.41,7.79,NA,0.14,NA,0.09,0.049
"442","GL1","LAKE",0,2015,2015-08-04,NA,11.88,NA,2.42,9.45,NA,0.05,NA,0.04,0.015
"443","GL4","INLET",0,2015,2015-08-06,NA,6.56,NA,2.41,4.14,NA,0.16,NA,0.04,0.114
"444","GL4","LAKE",0,2015,2015-08-06,NA,8.95,NA,3.83,5.11,NA,0.16,NA,0.12,0.04
"445","GL4","OUTLET",0,2015,2015-08-06,NA,9.61,NA,3.48,6.13,NA,0.12,NA,0.09,0.036
"446","GL4","INLET",0,2015,2015-08-11,NA,7.79,NA,5.21,2.58,NA,0.13,NA,0.04,0.083
"447","GL4","LAKE",0,2015,2015-08-11,NA,11.03,NA,2.87,8.16,NA,0.08,NA,0.04,0.033
"448","GL4","OUTLET",0,2015,2015-08-11,NA,7.71,NA,2.88,4.83,NA,0.11,NA,0.08,0.03
"449","GL1","LAKE",0,2015,2015-08-13,NA,27.75,NA,23.56,4.19,NA,0.04,NA,NA,0.042
"450","GL4","INLET",0,2015,2015-08-18,NA,8.18,NA,5.05,3.13,NA,0.16,NA,0.08,0.074
"451","GL4","LAKE",0,2015,2015-08-18,NA,7.73,NA,2.6,5.12,NA,0.1,NA,0.06,0.046
"452","GL4","OUTLET",0,2015,2015-08-18,NA,9.89,NA,6.38,3.52,NA,0.09,NA,0.06,0.035
"453","ALB","INLET",0,2016,2016-06-23,NA,12.879,NA,4.013,8.865,NA,0.074,NA,NA,0.07
"454","ALB","LAKE",0,2016,2016-06-23,NA,11.583,NA,9.104,2.479,NA,0.055,NA,NA,0.051
"455","GL1","LAKE",0,2016,2016-07-07,NA,15.526,NA,8.162,7.364,NA,NA,NA,NA,0.05
"456","ALB","INLET",0,2016,2016-07-14,NA,9.047,NA,3.746,5.302,NA,0.045,NA,NA,0.069
"457","ALB","LAKE",0,2016,2016-07-14,NA,9.075,NA,6.504,2.571,NA,NA,NA,NA,0.041
"458","GL4","INLET",0,2016,2016-07-19,NA,5.693,NA,-0.266,5.959,NA,0.096,NA,NA,0.165
"459","GL4","LAKE",0,2016,2016-07-19,NA,10.957,NA,4.332,6.625,NA,NA,NA,NA,0.067
"460","GL4","OUTLET",0,2016,2016-07-19,NA,8.345,NA,3.971,4.373,NA,0.055,NA,NA,0.082
"461","GL1","LAKE",0,2016,2016-07-21,NA,12.548,NA,6.472,6.076,NA,NA,NA,NA,0.043
"462","GL4","INLET",0,2016,2016-07-26,NA,5.141,NA,1.457,3.684,NA,0.053,NA,NA,0.11
"463","GL4","LAKE",0,2016,2016-07-26,NA,4.397,NA,2.936,1.461,NA,NA,NA,NA,0.07
"464","GL4","OUTLET",0,2016,2016-07-26,NA,4.155,NA,3.889,NA,NA,NA,NA,NA,0.066
"465","ALB","INLET",0,2016,2016-07-28,NA,8.233,NA,2.926,5.307,NA,NA,NA,NA,0.061
"466","ALB","LAKE",0,2016,2016-07-28,NA,5.814,NA,5.563,NA,NA,NA,NA,NA,0.082
"467","GL4","INLET",0,2016,2016-08-02,NA,2.979,NA,-0.845,3.825,NA,0.107,NA,NA,0.106
"468","GL4","LAKE",0,2016,2016-08-02,NA,4.534,NA,2.031,2.503,NA,NA,NA,NA,0.062
"469","GL4","OUTLET",0,2016,2016-08-02,NA,2.511,NA,0.563,1.948,NA,NA,NA,NA,0.036
"470","GL1","LAKE",0,2016,2016-08-04,NA,10.321,NA,4.819,5.502,NA,0.066,NA,NA,0.051
"471","GL4","INLET",0,2016,2016-08-09,NA,10.671,NA,4.698,5.973,NA,0.216,NA,NA,0.042
"472","GL4","LAKE",0,2016,2016-08-09,NA,1.347,NA,-1.125,2.472,NA,0.107,NA,NA,0.065
"473","GL4","OUTLET",0,2016,2016-08-09,NA,3.563,NA,2.673,0.89,NA,0.158,NA,NA,0.056
"474","ALB","INLET",0,2016,2016-08-11,NA,7.604,NA,4.276,3.328,NA,0.055,NA,NA,0.04
"475","ALB","LAKE",0,2016,2016-08-11,NA,13.347,NA,12.286,1.06,NA,0.119,NA,NA,0.049
"476","GL4","INLET",0,2016,2016-08-16,NA,7.574,NA,-0.257,7.831,NA,0.187,NA,NA,0.061
"477","GL4","LAKE",0,2016,2016-08-16,NA,8.926,NA,6.044,2.882,NA,0.2,NA,NA,0.046
"478","GL4","OUTLET",0,2016,2016-08-16,NA,6,NA,0.839,5.16,NA,0.116,NA,NA,0.039
"479","GL1","LAKE",0,2016,2016-08-18,NA,8.165,NA,6.058,2.107,NA,0.119,NA,NA,0.035
"480","GL4","INLET",0,2016,2016-08-23,NA,11.67,NA,4.638,7.032,NA,0.429,NA,NA,0.15
"481","GL4","LAKE",0,2016,2016-08-23,NA,8.595,NA,6.493,2.102,NA,0.155,NA,NA,0.04
"482","GL4","OUTLET",0,2016,2016-08-23,NA,4.821,NA,3.123,1.698,NA,0.123,NA,NA,0.043
"483","ALB","INLET",0,2017,2017-06-29,NA,17.1,NA,4.96,12.14,NA,0.07,NA,0.02,0.05
"484","ALB","LAKE",0,2017,2017-06-29,NA,14.78,NA,6.21,8.57,NA,0.05,NA,0.01,0.04
"485","GL1","LAKE",0,2017,2017-07-06,NA,14.92,NA,6.94,7.99,NA,0.09,NA,0.03,0.06
"486","ALB","INLET",0,2017,2017-07-13,NA,15.06,NA,6.49,8.57,NA,NA,NA,NA,0.04
"487","ALB","LAKE",0,2017,2017-07-13,NA,18.53,NA,12.1,6.43,NA,NA,NA,NA,0.03
"488","GL1","LAKE",0,2017,2017-07-20,NA,20.35,NA,14.64,5.71,NA,0.05,NA,NA,0.05
"489","GL4","INLET",0,2017,2017-07-25,NA,12.97,NA,7.32,5.65,NA,0.09,NA,0.06,0.03
"490","GL4","LAKE",0,2017,2017-07-25,NA,10.92,NA,3.64,7.28,NA,0.04,NA,NA,0.04
"491","GL4","OUTLET",0,2017,2017-07-25,NA,10.78,NA,5.13,5.65,NA,0.04,NA,NA,0.06
"492","ALB","INLET",0,2017,2017-07-27,NA,12.78,NA,6.73,6.05,NA,0.08,NA,0.06,0.03
"493","ALB","LAKE",0,2017,2017-07-27,NA,8.06,NA,3.63,4.43,NA,0.08,NA,0.04,0.04
"494","GL4","INLET",0,2017,2017-08-01,NA,18.56,NA,12.14,6.43,NA,0.07,NA,0.06,NA
"495","GL4","LAKE",0,2017,2017-08-01,NA,14.34,NA,7.2,7.14,NA,0.06,NA,0.03,0.03
"496","GL4","OUTLET",0,2017,2017-08-01,NA,16.49,NA,8.64,7.85,NA,0.08,NA,0.05,NA
"497","GL1","LAKE",0,2017,2017-08-03,NA,0,NA,-5.71,5.71,NA,0.06,NA,0.03,0.03
"498","GL4","INLET",0,2017,2017-08-08,NA,16.7,NA,9.56,7.14,NA,0.07,NA,0.05,NA
"499","GL4","LAKE",0,2017,2017-08-08,NA,10.38,NA,5.38,5,NA,0.05,NA,0.02,0.04
"500","GL4","OUTLET",0,2017,2017-08-08,NA,15.79,NA,10.76,5.03,NA,0.06,NA,0.04,NA
"501","ALB","INLET",0,2017,2017-08-10,NA,10.73,NA,7.16,3.57,NA,0.16,NA,0.14,NA
"502","ALB","LAKE",0,2017,2017-08-10,NA,46.97,NA,33.17,13.8,NA,0.15,NA,0.09,0.05
"503","GL1","LAKE",0,2017,2017-08-10,NA,11.95,NA,6.95,5,NA,0.07,NA,0.03,0.03
"504","GL4","INLET",0,2017,2017-08-15,NA,10.69,NA,3.55,7.14,NA,0.06,NA,0.06,NA
"505","GL4","LAKE",0,2017,2017-08-15,NA,15.86,NA,10.86,5,NA,0.14,NA,0.12,NA
"506","GL4","OUTLET",0,2017,2017-08-15,NA,10.25,NA,5.25,5,NA,0.09,NA,0.07,NA
"507","GL1","LAKE",0,2017,2017-08-17,NA,12.23,NA,8.66,3.57,NA,0.09,NA,0.06,0.03
"508","GL4","INLET",0,2017,2017-08-22,NA,14.89,NA,7.75,7.14,NA,0.08,NA,0.03,0.04
"509","GL4","LAKE",0,2017,2017-08-22,NA,13.23,NA,9.66,3.57,NA,NA,NA,NA,0.04
"510","GL4","OUTLET",0,2017,2017-08-22,NA,10.13,NA,5.85,4.28,NA,0.33,NA,0.3,0.03
"511","GL4","INLET",0,2017,2017-08-29,NA,13.51,NA,7.8,5.71,NA,0.06,NA,0.02,0.03
"512","GL4","LAKE",0,2017,2017-08-29,NA,7,NA,7,NA,NA,0.23,NA,0.18,0.05
"513","GL4","OUTLET",0,2017,2017-08-29,NA,13.61,NA,12.19,1.43,NA,0.05,NA,0.02,0.03
"514","ALB","INLET",0,2018,2018-06-19,NA,13.49,NA,3.5,9.99,NA,0.04,NA,NA,0.05
"515","ALB","LAKE",0,2018,2018-06-19,NA,9.28,NA,3.57,5.71,NA,0.32,NA,0.22,0.1
"516","GL1","LAKE",0,2018,2018-06-28,NA,9.71,NA,1.7,8.01,NA,1.54,NA,0.34,1.2
"517","GL4","INLET",0,2018,2018-07-03,NA,14.21,NA,3.32,10.89,NA,0.35,NA,0.15,0.2
"518","GL4","LAKE",0,2018,2018-07-03,NA,12.57,NA,3.22,9.35,NA,0.12,NA,0.06,0.06
"519","GL4","OUTLET",0,2018,2018-07-03,NA,15.14,NA,6.64,8.5,NA,0.16,NA,0.12,0.04
"520","ALB","INLET",0,2018,2018-07-05,NA,11.28,NA,4.86,6.43,NA,0.13,NA,0.08,0.05
"521","ALB","LAKE",0,2018,2018-07-05,NA,31.77,NA,27.17,4.6,NA,0.1,NA,0.05,0.06
"522","GL4","INLET",0,2018,2018-07-10,NA,11.57,NA,5.85,5.71,NA,0.13,NA,0.02,0.11
"523","GL4","LAKE",0,2018,2018-07-10,NA,11.42,NA,5.71,5.71,NA,0.1,NA,0.03,0.07
"524","GL4","OUTLET",0,2018,2018-07-10,NA,12.57,NA,6.85,5.71,NA,0.08,NA,0.01,0.07
"525","GL1","LAKE",0,2018,2018-07-12,NA,10.85,NA,8.07,2.79,NA,0.04,NA,NA,0.05
"526","GL4","INLET",0,2018,2018-07-17,NA,12.92,NA,7.92,5,NA,NA,NA,NA,0.07
"527","GL4","LAKE",0,2018,2018-07-17,NA,13.35,NA,7.64,5.71,NA,0.2,NA,0.13,0.07
"528","GL4","OUTLET",0,2018,2018-07-17,NA,17.42,NA,13.14,4.28,NA,0.18,NA,0.05,0.13
"529","ALB","INLET",0,2018,2018-07-19,NA,11.49,NA,6.5,5,NA,NA,NA,NA,0.06
"530","ALB","LAKE",0,2018,2018-07-19,NA,10.28,NA,8.85,1.43,NA,NA,NA,NA,0.08
"531","GL4","INLET",0,2018,2018-07-24,NA,7.64,NA,3.36,4.28,NA,0.09,NA,0.02,0.07
"532","GL4","LAKE",0,2018,2018-07-24,NA,9.14,NA,5.57,3.57,NA,0.13,NA,0.05,0.09
"533","GL4","OUTLET",0,2018,2018-07-24,NA,7.92,NA,4.36,3.57,NA,0.05,NA,NA,0.06
"534","GL1","LAKE",0,2018,2018-07-26,NA,7.64,NA,7.64,NA,NA,0.05,NA,NA,0.05
"535","GL2","LAKE",0,2018,2018-07-26,NA,8.64,NA,5.78,2.86,NA,0.09,NA,0.01,0.08
"536","GL3","LAKE",0,2018,2018-07-26,NA,11.78,NA,10.35,1.43,NA,0.24,NA,0.15,0.09
"537","GL4","INLET",0,2018,2018-07-31,NA,9.78,NA,4.07,5.71,NA,0.12,NA,NA,0.14
"538","GL4","LAKE",0,2018,2018-07-31,NA,15.28,NA,10.99,4.28,NA,0.11,NA,0.02,0.09
"539","GL4","OUTLET",0,2018,2018-07-31,NA,7.92,NA,4.36,3.57,NA,0.17,NA,0.09,0.08
"540","GL5","INLET",0,2018,2018-07-31,NA,27.99,NA,10.14,17.85,NA,0.29,NA,0.01,0.28
"541","GL5","LAKE",0,2018,2018-07-31,NA,10.49,NA,6.93,3.57,NA,0.06,NA,NA,0.08
"542","GL5","OUTLET",0,2018,2018-07-31,NA,8.85,NA,5.28,3.57,NA,0.09,NA,0.01,0.08
"543","ALB","INLET",0,2018,2018-08-02,NA,8.42,NA,3.32,5.11,NA,0.08,NA,0.01,0.06
"544","ALB","LAKE",0,2018,2018-08-02,NA,11.99,NA,8.03,3.97,NA,0.1,NA,0.05,0.05
"545","GL4","INLET",0,2018,2018-08-07,NA,12.57,NA,4,8.57,NA,0.13,NA,NA,0.14
"546","GL4","LAKE",0,2018,2018-08-07,NA,8.92,NA,4.64,4.28,NA,0.1,NA,0.04,0.06
"547","GL4","OUTLET",0,2018,2018-08-07,NA,8.35,NA,4.78,3.57,NA,0.07,NA,0.01,0.07
"548","GL1","LAKE",0,2018,2018-08-09,NA,7.28,NA,7.28,NA,NA,0.42,NA,0.2,0.22
"549","ALB","INLET",0,2019,2019-07-09,NA,23.85,NA,18.94,4.9,NA,0.16,NA,0.14,NA
"550","ALB","LAKE",0,2019,2019-07-09,NA,21.42,NA,13.57,7.85,NA,0.18,NA,0.18,NA
"551","GL1","LAKE",0,2019,2019-07-11,NA,19.7,NA,15.23,4.47,NA,0.18,NA,0.12,0.06
"552","GL4","INLET",0,2019,2019-07-23,NA,14.28,NA,8.59,5.69,NA,0.58,NA,0.35,0.23
"553","GL4","LAKE",0,2019,2019-07-23,NA,11.35,NA,7.02,4.33,NA,0.27,NA,0.19,0.08
"554","GL4","OUTLET",0,2019,2019-07-23,NA,13.99,NA,11.02,2.97,NA,0.17,NA,0.1,0.07
"555","GL1","LAKE",0,2019,2019-07-25,NA,10.49,NA,5.55,4.95,NA,0.36,NA,0.3,0.06
"556","GL4","INLET",0,2019,2019-07-30,NA,13.56,NA,10.41,3.15,NA,0.27,NA,0.16,0.11
"557","GL4","LAKE",0,2019,2019-07-30,NA,9.78,NA,6.22,3.56,NA,0.13,NA,0.01,0.12
"558","GL4","OUTLET",0,2019,2019-07-30,NA,11.07,NA,7.36,3.7,NA,0.13,NA,0.08,0.05
"559","ALB","INLET",0,2019,2019-08-01,NA,13.21,NA,9.66,3.54,NA,0.1,NA,0.08,NA
"560","ALB","LAKE",0,2019,2019-08-01,NA,13.21,NA,9.15,4.06,NA,0.11,NA,0.07,0.04
"561","GL4","INLET",0,2019,2019-08-06,NA,11.42,NA,7.97,3.45,NA,0.21,NA,0.13,0.08
"562","GL4","LAKE",0,2019,2019-08-06,NA,10.14,NA,5.69,4.45,NA,0.15,NA,0.09,0.05
"563","GL4","OUTLET",0,2019,2019-08-06,NA,10.57,NA,7.9,2.67,NA,0.06,NA,NA,0.06
"564","GL1","LAKE",0,2019,2019-08-08,NA,8,NA,5.14,2.86,NA,0.19,NA,0.16,0.03
"565","GL4","INLET",0,2019,2019-08-13,NA,15.71,NA,11.89,3.81,NA,0.18,NA,0.09,0.1
"566","GL4","LAKE",0,2019,2019-08-13,NA,10.35,NA,7.15,3.2,NA,0.14,NA,0.09,0.05
"567","GL4","OUTLET",0,2019,2019-08-13,NA,8.14,NA,5.24,2.9,NA,0.08,NA,0.05,0.03
"568","ALB","INLET",0,2019,2019-08-15,NA,NA,NA,NA,NA,NA,NA,NA,NA,NA
"569","ALB","LAKE",0,2019,2019-08-15,NA,14.06,NA,10.26,3.81,NA,0.14,NA,0.13,NA
"570","GL4","INLET",0,2019,2019-08-20,NA,11.78,NA,8.61,3.17,NA,0.26,NA,0.13,0.13
"571","GL4","LAKE",0,2019,2019-08-20,NA,9.07,NA,5.37,3.7,NA,0.06,NA,0.03,0.03
"572","GL4","OUTLET",0,2019,2019-08-20,NA,7.28,NA,3.87,3.41,NA,0.2,NA,0.16,0.04
"573","GL4","INLET",0,2019,2019-08-27,NA,11.57,NA,9.22,2.35,NA,0.31,NA,0.24,0.07
"574","GL4","LAKE",0,2019,2019-08-27,NA,7.92,NA,5.74,2.18,NA,0.17,NA,0.13,0.04
"575","GL4","OUTLET",0,2019,2019-08-27,NA,8.64,NA,5.81,2.82,NA,0.19,NA,0.16,0.03
"576","GL1","LAKE",0,2020,2020-06-18,NA,9.06,NA,4.82,4.24,NA,0.47,NA,0.4,0.07
"577","GL4","LAKE",0,2020,2020-07-02,NA,17.29,NA,8.73,8.56,NA,0.81,NA,0.75,0.06
"578","GL4","INLET",0,2020,2020-07-02,NA,14.42,NA,10.97,3.45,NA,0.48,NA,0.44,0.04
"579","GL4","LAKE",0,2020,2020-07-07,NA,14.32,NA,11.11,3.21,NA,0.42,NA,0.35,0.07
"580","GL4","INLET",0,2020,2020-07-07,NA,14.96,NA,11.61,3.36,NA,0.56,NA,0.49,0.07
"581","GL1","LAKE",0,2020,2020-07-09,NA,11.17,NA,8.42,2.75,NA,0.6,NA,0.54,0.07
"582","GL4","LAKE",0,2020,2020-07-14,NA,10.97,NA,7.9,3.08,NA,0.53,NA,0.48,0.05
"583","GL4","INLET",0,2020,2020-07-14,NA,15.31,NA,12.55,2.77,NA,0.6,NA,0.5,0.1
"584","GL4","LAKE",0,2020,2020-07-21,NA,8.8,NA,5.28,3.52,NA,0.5,NA,0.46,0.04
"585","GL4","INLET",0,2020,2020-07-21,NA,8.7,NA,6.76,1.94,NA,0.54,NA,0.45,0.1
"586","GL1","LAKE",0,2020,2020-07-23,NA,7.04,NA,3.83,3.21,NA,0.45,NA,0.4,0.05
"587","GL4","LAKE",0,2020,2020-07-28,NA,9.02,NA,6.53,2.49,NA,0.48,NA,0.44,0.04
"588","GL4","INLET",0,2020,2020-07-28,NA,10.96,NA,7.32,3.64,NA,0.59,NA,0.54,0.05
"589","GL4","LAKE",0,2020,2020-08-04,NA,9.65,NA,7.81,1.84,NA,0.59,NA,0.54,0.05
"590","GL4","INLET",0,2020,2020-08-04,NA,9.32,NA,8.17,1.14,NA,0.54,NA,0.5,0.04
"591","GL1","LAKE",0,2020,2020-08-06,NA,8.55,NA,7.62,0.93,NA,0.79,NA,0.74,0.05
"592","GL1","LAKE",0,2021,2021-06-17,NA,NA,NA,NA,NA,NA,NA,NA,NA,NA
"593","GL1","LAKE",0,2021,2021-07-08,NA,NA,NA,NA,NA,NA,NA,NA,NA,NA
"594","GL4","LAKE",0,2021,2021-07-08,NA,NA,NA,NA,NA,NA,NA,NA,NA,NA
"595","GL4","INLET",0,2021,2021-07-08,NA,NA,NA,NA,NA,NA,NA,NA,NA,NA
"596","GL4","LAKE",0,2021,2021-07-13,NA,NA,NA,NA,NA,NA,NA,NA,NA,NA
"597","GL4","INLET",0,2021,2021-07-13,NA,19.99,NA,NA,NA,NA,0.323,NA,NA,NA
"598","GL4","LAKE",0,2021,2021-07-20,NA,31.414,NA,NA,NA,NA,0.129,NA,NA,NA
"599","GL4","INLET",0,2021,2021-07-20,NA,14.993,NA,NA,NA,NA,0.161,NA,NA,NA
"600","GL1","LAKE",0,2021,2021-07-22,NA,14.279,NA,NA,NA,NA,0.129,NA,NA,NA
"601","GL4","LAKE",0,2021,2021-07-27,NA,14.279,NA,NA,NA,NA,NA,NA,NA,NA
"602","GL4","INLET",0,2021,2021-07-27,NA,13.565,NA,NA,NA,NA,NA,NA,NA,NA
"603","GL1","LAKE",0,2021,2021-08-03,NA,12.137,NA,NA,NA,NA,NA,NA,NA,NA
"604","GL4","LAKE",0,2021,2021-08-05,NA,22.846,NA,NA,NA,NA,NA,NA,NA,NA
"605","GL4","INLET",0,2021,2021-08-05,NA,23.56,NA,NA,NA,NA,0.194,NA,NA,NA
"606","GL4","LAKE",0,2021,2021-08-09,NA,14.279,NA,NA,NA,NA,NA,NA,NA,NA
"607","GL4","INLET",0,2021,2021-08-09,NA,27.13,NA,NA,NA,NA,0.161,NA,NA,NA
"608","GL1","LAKE",0,2022,2022-06-28,NA,15.707,NA,NA,NA,NA,NA,NA,NA,NA
"609","GL4","LAKE",0,2022,2022-07-12,NA,14.993,NA,NA,NA,NA,NA,NA,NA,NA
"610","GL4","INLET",0,2022,2022-07-12,NA,18.563,NA,NA,NA,NA,NA,NA,NA,NA
"611","GL1","LAKE",0,2022,2022-07-14,NA,19.276,NA,NA,NA,NA,NA,NA,NA,NA
"612","GL4","LAKE",0,2022,2022-07-19,NA,17.135,NA,NA,NA,NA,NA,NA,NA,NA
"613","GL4","INLET",0,2022,2022-07-19,NA,17.849,NA,NA,NA,NA,0.129,NA,NA,NA
"614","GL1","LAKE",0,2022,2022-07-26,NA,17.849,NA,NA,NA,NA,NA,NA,NA,NA
"615","GL4","LAKE",0,2022,2022-07-26,NA,14.993,NA,NA,NA,NA,NA,NA,NA,NA
"616","GL4","INLET",0,2022,2022-07-26,NA,17.135,NA,NA,NA,NA,NA,NA,NA,NA
"617","GL4","LAKE",0,2022,2022-08-02,NA,22.846,NA,NA,NA,NA,NA,NA,NA,NA
"618","GL4","INLET",0,2022,2022-08-02,NA,22.846,NA,NA,NA,NA,0.129,NA,NA,NA
"619","GL1","LAKE",0,2022,2022-08-11,NA,19.276,NA,NA,NA,NA,NA,NA,NA,NA
"620","GL4","LAKE",0,2022,2022-08-11,NA,19.276,NA,NA,NA,NA,NA,NA,NA,NA
"621","GL4","INLET",0,2022,2022-08-11,NA,24.274,NA,NA,NA,NA,0.291,NA,NA,NA
"622","GL4","LAKE",0,2022,2022-08-16,NA,17.135,NA,NA,NA,NA,0.291,NA,NA,NA
"623","GL4","INLET",0,2022,2022-08-16,NA,22.846,NA,NA,NA,NA,0.194,NA,NA,NA
